-- both test users have the password 'password'

INSERT INTO users (id, username, password, email, friend_code)
VALUES (1,
        'testuser1',
        '$2b$12$AZH7virni5jlTTiGgEg4zu3lSvAw68qVEfSIOjJ3RqtbJbdW/Oi5q',
        'test1@test.com',
        'SW-1111-1111-1111'),
        (2,
        'testuser2',
        '$2b$12$AZH7virni5jlTTiGgEg4zu3lSvAw68qVEfSIOjJ3RqtbJbdW/Oi5q',
        'test2@test.com',
        'SW-2222-2222-2222');

INSERT INTO items (name, file_name, type) VALUES
        ('Cyrano', 'ant00', 'villagers'),
        ('bitterling', 'bitterling', 'fish'),
	('common butterfly', 'common_butterfly', 'bugs');

INSERT INTO items (name, file_name, type) VALUES
	('Ace', 'brd09', 'villagers'),
	('Admiral', 'brd06', 'villagers'),
	('Agent S', 'squ05', 'villagers'),
	('Agnes', 'pig17', 'villagers'),
	('Al', 'gor08', 'villagers'),
	('Alfonso', 'crd00', 'villagers'),
	('Alice', 'kal01', 'villagers'),
	('Alli', 'crd01', 'villagers'),
	('Amelia', 'pbr01', 'villagers'),
	('Anabelle', 'ant03', 'villagers'),
	('Anchovy', 'brd02', 'villagers'),
	('Angus', 'bul00', 'villagers'),
	('Anicotti', 'mus10', 'villagers'),
	('Ankha', 'cat19', 'villagers'),
	('Annalisa', 'ant08', 'villagers'),
	('Annalise', 'hrs09', 'villagers'),
	('Antonio', 'ant01', 'villagers'),
	('Apollo', 'pbr00', 'villagers'),
	('Apple', 'ham01', 'villagers'),
	('Astrid', 'kgr05', 'villagers'),
	('Audie', 'wol12', 'villagers'),
	('Aurora', 'pgn00', 'villagers'),
	('Ava', 'chn05', 'villagers'),
	('Avery', 'pbr05', 'villagers'),
	('Axel', 'elp06', 'villagers'),
	('Azalea', 'rhn05', 'villagers'),
	('Baabara', 'shp01', 'villagers'),
	('Bam', 'der01', 'villagers'),
	('Bangle', 'tig03', 'villagers'),
	('Barold', 'cbr16', 'villagers'),
	('Bea', 'dog10', 'villagers'),
	('Beardo', 'bea13', 'villagers'),
	('Beau', 'der07', 'villagers'),
	('Becky', 'chn09', 'villagers'),
	('Bella', 'mus02', 'villagers'),
	('Benedict', 'chn01', 'villagers'),
	('Benjamin', 'dog16', 'villagers'),
	('Bertha', 'hip03', 'villagers'),
	('Bettina', 'mus15', 'villagers'),
	('Bianca', 'tig06', 'villagers'),
	('Biff', 'hip04', 'villagers'),
	('Big Top', 'elp02', 'villagers'),
	('Bill', 'duk00', 'villagers'),
	('Billy', 'goa02', 'villagers'),
	('Biskit', 'dog03', 'villagers'),
	('Bitty', 'hip05', 'villagers'),
	('Blaire', 'squ01', 'villagers'),
	('Blanche', 'ost08', 'villagers'),
	('Bluebear', 'cbr00', 'villagers'),
	('Bob', 'cat00', 'villagers'),
	('Bonbon', 'rbt17', 'villagers'),
	('Bones', 'dog04', 'villagers'),
	('Boomer', 'pgn10', 'villagers'),
	('Boone', 'gor02', 'villagers'),
	('Boots', 'crd02', 'villagers'),
	('Boris', 'pig09', 'villagers'),
	('Boyd', 'gor05', 'villagers'),
	('Bree', 'mus03', 'villagers'),
	('Broccolo', 'mus12', 'villagers'),
	('Broffina', 'chn12', 'villagers'),
	('Bruce', 'der03', 'villagers'),
	('Bubbles', 'hip02', 'villagers'),
	('Buck', 'hrs00', 'villagers'),
	('Bud', 'lon00', 'villagers'),
	('Bunnie', 'rbt00', 'villagers'),
	('Butch', 'dog01', 'villagers'),
	('Buzz', 'pbr03', 'villagers'),
	('Cally', 'squ11', 'villagers'),
	('Camofrog', 'flg03', 'villagers'),
	('Canberra', 'kal08', 'villagers'),
	('Candi', 'mus08', 'villagers'),
	('Carmen', 'rbt16', 'villagers'),
	('Caroline', 'squ06', 'villagers'),
	('Carrie', 'kgr02', 'villagers'),
	('Cashmere', 'shp04', 'villagers'),
	('Celia', 'pbr09', 'villagers'),
	('Cephalobot', 'ocp04', 'villagers'),
	('Cesar', 'gor00', 'villagers'),
	('Chabwick', 'pgn07', 'villagers'),
	('Chadder', 'mus18', 'villagers'),
	('Chai', 'elp11', 'villagers'),
	('Charlise', 'bea12', 'villagers'),
	('Chelsea', 'der10', 'villagers'),
	('Cheri', 'cbr10', 'villagers'),
	('Cherry', 'dog17', 'villagers'),
	('Chester', 'cbr15', 'villagers'),
	('Chevre', 'goa00', 'villagers'),
	('Chief', 'wol00', 'villagers'),
	('Chops', 'pig14', 'villagers'),
	('Chow', 'bea03', 'villagers'),
	('Chrissy', 'rbt13', 'villagers'),
	('Claude', 'rbt11', 'villagers'),
	('Claudia', 'tig05', 'villagers'),
	('Clay', 'ham05', 'villagers'),
	('Cleo', 'hrs07', 'villagers'),
	('Clyde', 'hrs10', 'villagers'),
	('Coach', 'bul07', 'villagers'),
	('Cobb', 'pig08', 'villagers'),
	('Coco', 'rbt02', 'villagers'),
	('Cole', 'rbt18', 'villagers'),
	('Colton', 'hrs11', 'villagers'),
	('Cookie', 'dog08', 'villagers'),
	('Cousteau', 'flg10', 'villagers'),
	('Cranston', 'ost06', 'villagers'),
	('Croque', 'flg17', 'villagers'),
	('Cube', 'pgn02', 'villagers'),
	('Curlos', 'shp08', 'villagers'),
	('Curly', 'pig00', 'villagers'),
	('Curt', 'bea02', 'villagers'),
	('Cyd', 'elp12', 'villagers'),
	('Daisy', 'dog07', 'villagers'),
	('Deena', 'duk04', 'villagers'),
	('Deirdre', 'der04', 'villagers'),
	('Del', 'crd04', 'villagers'),
	('Deli', 'mnk08', 'villagers'),
	('Derwin', 'duk08', 'villagers'),
	('Diana', 'der08', 'villagers'),
	('Diva', 'flg18', 'villagers'),
	('Dizzy', 'elp01', 'villagers'),
	('Dobie', 'wol04', 'villagers'),
	('Doc', 'rbt10', 'villagers'),
	('Dom', 'shp15', 'villagers'),
	('Dora', 'mus00', 'villagers'),
	('Dotty', 'rbt01', 'villagers'),
	('Drago', 'crd08', 'villagers'),
	('Drake', 'duk09', 'villagers'),
	('Drift', 'flg04', 'villagers'),
	('Ed', 'hrs06', 'villagers'),
	('Egbert', 'chn02', 'villagers'),
	('Elise', 'mnk05', 'villagers'),
	('Ellie', 'elp07', 'villagers'),
	('Elmer', 'hrs03', 'villagers'),
	('Eloise', 'elp03', 'villagers'),
	('Elvis', 'lon01', 'villagers'),
	('Erik', 'der09', 'villagers'),
	('Étoile', 'shp14', 'villagers'),
	('Eugene', 'kal10', 'villagers'),
	('Eunice', 'shp02', 'villagers'),
	('Faith', 'kal07', 'villagers'),
	('Fang', 'wol06', 'villagers'),
	('Fauna', 'der00', 'villagers'),
	('Felicity', 'cat17', 'villagers'),
	('Filbert', 'squ02', 'villagers'),
	('Flip', 'mnk06', 'villagers'),
	('Flo', 'pgn13', 'villagers'),
	('Flora', 'ost09', 'villagers'),
	('Flurry', 'ham06', 'villagers'),
	('Francine', 'rbt12', 'villagers'),
	('Frank', 'pbr06', 'villagers'),
	('Freckles', 'duk07', 'villagers'),
	('Frett', 'dog11', 'villagers'),
	('Freya', 'wol05', 'villagers'),
	('Friga', 'pgn04', 'villagers'),
	('Frita', 'shp11', 'villagers'),
	('Frobert', 'flg02', 'villagers'),
	('Fuchsia', 'der06', 'villagers'),
	('Gabi', 'rbt05', 'villagers'),
	('Gala', 'pig13', 'villagers'),
	('Gaston', 'rbt04', 'villagers'),
	('Gayle', 'crd07', 'villagers'),
	('Genji', 'rbt08', 'villagers'),
	('Gigi', 'flg16', 'villagers'),
	('Gladys', 'ost01', 'villagers'),
	('Gloria', 'duk15', 'villagers'),
	('Goldie', 'dog00', 'villagers'),
	('Gonzo', 'kal04', 'villagers'),
	('Goose', 'chn00', 'villagers'),
	('Graham', 'ham02', 'villagers'),
	('Greta', 'mus16', 'villagers'),
	('Grizzly', 'bea09', 'villagers'),
	('Groucho', 'bea06', 'villagers'),
	('Gruff', 'goa04', 'villagers'),
	('Gwen', 'pgn05', 'villagers'),
	('Hamlet', 'ham00', 'villagers'),
	('Hamphrey', 'ham07', 'villagers'),
	('Hans', 'gor10', 'villagers'),
	('Harry', 'hip08', 'villagers'),
	('Hazel', 'squ18', 'villagers'),
	('Henry', 'flg19', 'villagers'),
	('Hippeux', 'hip09', 'villagers'),
	('Hopkins', 'rbt14', 'villagers'),
	('Hopper', 'pgn03', 'villagers'),
	('Hornsby', 'rhn04', 'villagers'),
	('Huck', 'flg11', 'villagers'),
	('Hugh', 'pig03', 'villagers'),
	('Iggly', 'pgn11', 'villagers'),
	('Ike', 'bea11', 'villagers'),
	('Ione', 'squ21', 'villagers'),
	('Jacob', 'brd11', 'villagers'),
	('Jacques', 'brd16', 'villagers'),
	('Jambette', 'flg13', 'villagers'),
	('Jay', 'brd00', 'villagers'),
	('Jeremiah', 'flg07', 'villagers'),
	('Jitters', 'brd04', 'villagers'),
	('Joey', 'duk01', 'villagers'),
	('Judy', 'cbr19', 'villagers'),
	('Julia', 'ost05', 'villagers'),
	('Julian', 'hrs13', 'villagers'),
	('June', 'cbr13', 'villagers'),
	('Kabuki', 'cat09', 'villagers'),
	('Katt', 'cat21', 'villagers'),
	('Keaton', 'pbr08', 'villagers'),
	('Ken', 'chn13', 'villagers'),
	('Ketchup', 'duk13', 'villagers'),
	('Kevin', 'pig15', 'villagers'),
	('Kid Cat', 'cat10', 'villagers'),
	('Kidd', 'goa07', 'villagers'),
	('Kiki', 'cat04', 'villagers'),
	('Kitt', 'kgr00', 'villagers'),
	('Kitty', 'cat14', 'villagers'),
	('Klaus', 'bea14', 'villagers'),
	('Knox', 'chn11', 'villagers'),
	('Kody', 'cbr04', 'villagers'),
	('Kyle', 'wol10', 'villagers'),
	('Leonardo', 'tig04', 'villagers'),
	('Leopold', 'lon04', 'villagers'),
	('Lily', 'flg00', 'villagers'),
	('Limberg', 'mus01', 'villagers'),
	('Lionel', 'lon08', 'villagers'),
	('Lobo', 'wol01', 'villagers'),
	('Lolly', 'cat18', 'villagers'),
	('Lopez', 'der05', 'villagers'),
	('Louie', 'gor04', 'villagers'),
	('Lucha', 'brd15', 'villagers'),
	('Lucky', 'dog02', 'villagers'),
	('Lucy', 'pig04', 'villagers'),
	('Lyman', 'kal09', 'villagers'),
	('Mac', 'dog14', 'villagers'),
	('Maddie', 'dog09', 'villagers'),
	('Maelle', 'duk03', 'villagers'),
	('Maggie', 'pig10', 'villagers'),
	('Mallary', 'duk06', 'villagers'),
	('Maple', 'cbr01', 'villagers'),
	('Marcel', 'dog15', 'villagers'),
	('Marcie', 'kgr10', 'villagers'),
	('Margie', 'elp04', 'villagers'),
	('Marina', 'ocp01', 'villagers'),
	('Marlo', 'ham09', 'villagers'),
	('Marshal', 'squ17', 'villagers'),
	('Marty', 'cbr18', 'villagers'),
	('Mathilda', 'kgr01', 'villagers'),
	('Megan', 'bea15', 'villagers'),
	('Melba', 'kal02', 'villagers'),
	('Merengue', 'rhn07', 'villagers'),
	('Merry', 'cat16', 'villagers'),
	('Midge', 'brd08', 'villagers'),
	('Mint', 'squ09', 'villagers'),
	('Mira', 'rbt19', 'villagers'),
	('Miranda', 'duk12', 'villagers'),
	('Mitzi', 'cat01', 'villagers'),
	('Moe', 'cat08', 'villagers'),
	('Molly', 'duk16', 'villagers'),
	('Monique', 'cat11', 'villagers'),
	('Monty', 'mnk04', 'villagers'),
	('Moose', 'mus14', 'villagers'),
	('Mott', 'lon06', 'villagers'),
	('Muffy', 'shp12', 'villagers'),
	('Murphy', 'cbr07', 'villagers'),
	('Nan', 'goa01', 'villagers'),
	('Nana', 'mnk01', 'villagers'),
	('Naomi', 'cow07', 'villagers'),
	('Nate', 'bea05', 'villagers'),
	('Nibbles', 'squ04', 'villagers'),
	('Norma', 'cow06', 'villagers'),
	('O Hare', 'rbt15', 'villagers'),
	('Octavian', 'ocp00', 'villagers'),
	('Olaf', 'ant09', 'villagers'),
	('Olive', 'cbr09', 'villagers'),
	('Olivia', 'cat03', 'villagers'),
	('Opal', 'elp00', 'villagers'),
	('Ozzie', 'kal05', 'villagers'),
	('Pancetti', 'pig16', 'villagers'),
	('Pango', 'ant02', 'villagers'),
	('Paolo', 'elp05', 'villagers'),
	('Papi', 'hrs12', 'villagers'),
	('Pashmina', 'goa08', 'villagers'),
	('Pate', 'duk02', 'villagers'),
	('Patty', 'cow00', 'villagers'),
	('Paula', 'bea10', 'villagers'),
	('Peaches', 'hrs08', 'villagers'),
	('Peanut', 'squ00', 'villagers'),
	('Pecan', 'squ03', 'villagers'),
	('Peck', 'brd17', 'villagers'),
	('Peewee', 'gor01', 'villagers'),
	('Peggy', 'pig11', 'villagers'),
	('Pekoe', 'cbr14', 'villagers'),
	('Penelope', 'mus17', 'villagers'),
	('Petri', 'mus19', 'villagers'),
	('Phil', 'ost07', 'villagers'),
	('Phoebe', 'ost10', 'villagers'),
	('Pierce', 'pbr02', 'villagers'),
	('Pietro', 'shp13', 'villagers'),
	('Pinky', 'bea01', 'villagers'),
	('Piper', 'brd05', 'villagers'),
	('Pippy', 'rbt06', 'villagers'),
	('Plucky', 'chn10', 'villagers'),
	('Pompom', 'duk05', 'villagers'),
	('Poncho', 'cbr02', 'villagers'),
	('Poppy', 'squ15', 'villagers'),
	('Portia', 'dog05', 'villagers'),
	('Prince', 'flg12', 'villagers'),
	('Puck', 'pgn06', 'villagers'),
	('Puddles', 'flg06', 'villagers'),
	('Pudge', 'cbr03', 'villagers'),
	('Punchy', 'cat06', 'villagers'),
	('Purrl', 'cat07', 'villagers'),
	('Queenie', 'ost00', 'villagers'),
	('Quillson', 'duk17', 'villagers'),
	('Quinn', 'pbr10', 'villagers'),
	('Raddle', 'flg15', 'villagers'),
	('Rasher', 'pig02', 'villagers'),
	('Raymond', 'cat23', 'villagers'),
	('Renée', 'rhn08', 'villagers'),
	('Reneigh', 'hrs16', 'villagers'),
	('Rex', 'lon02', 'villagers'),
	('Rhonda', 'rhn01', 'villagers'),
	('Ribbot', 'flg01', 'villagers'),
	('Ricky', 'squ10', 'villagers'),
	('Rilla', 'gor11', 'villagers'),
	('Rio', 'ost04', 'villagers'),
	('Rizzo', 'mus09', 'villagers'),
	('Roald', 'pgn01', 'villagers'),
	('Robin', 'brd01', 'villagers'),
	('Rocco', 'hip00', 'villagers'),
	('Rocket', 'gor09', 'villagers'),
	('Rod', 'mus05', 'villagers'),
	('Rodeo', 'bul01', 'villagers'),
	('Rodney', 'ham03', 'villagers'),
	('Rolf', 'tig00', 'villagers'),
	('Rooney', 'kgr09', 'villagers'),
	('Rory', 'lon07', 'villagers'),
	('Roscoe', 'hrs04', 'villagers'),
	('Rosie', 'cat02', 'villagers'),
	('Roswell', 'crd05', 'villagers'),
	('Rowan', 'tig01', 'villagers'),
	('Ruby', 'rbt09', 'villagers'),
	('Rudy', 'cat20', 'villagers'),
	('Sally', 'squ07', 'villagers'),
	('Samson', 'mus04', 'villagers'),
	('Sandy', 'ost02', 'villagers'),
	('Sasha', 'rbt21', 'villagers'),
	('Savannah', 'hrs02', 'villagers'),
	('Scoot', 'duk10', 'villagers'),
	('Shari', 'mnk07', 'villagers'),
	('Sheldon', 'squ16', 'villagers'),
	('Shep', 'dog18', 'villagers'),
	('Sherb', 'goa09', 'villagers'),
	('Shino', 'der11', 'villagers'),
	('Simon', 'mnk02', 'villagers'),
	('Skye', 'wol09', 'villagers'),
	('Sly', 'crd06', 'villagers'),
	('Snake', 'rbt03', 'villagers'),
	('Snooty', 'ant06', 'villagers'),
	('Soleil', 'ham04', 'villagers'),
	('Sparro', 'brd18', 'villagers'),
	('Spike', 'rhn02', 'villagers'),
	('Spork', 'pig05', 'villagers'),
	('Sprinkle', 'pgn14', 'villagers'),
	('Sprocket', 'ost03', 'villagers'),
	('Static', 'squ08', 'villagers'),
	('Stella', 'shp03', 'villagers'),
	('Sterling', 'pbr07', 'villagers'),
	('Stinky', 'cat13', 'villagers'),
	('Stitches', 'cbr05', 'villagers'),
	('Stu', 'bul03', 'villagers'),
	('Sydney', 'kal03', 'villagers'),
	('Sylvana', 'squ14', 'villagers'),
	('Sylvia', 'kgr06', 'villagers'),
	('T-Bone', 'bul05', 'villagers'),
	('Tabby', 'cat12', 'villagers'),
	('Tad', 'flg09', 'villagers'),
	('Tammi', 'mnk03', 'villagers'),
	('Tammy', 'cbr17', 'villagers'),
	('Tangy', 'cat05', 'villagers'),
	('Tank', 'rhn00', 'villagers'),
	('Tasha', 'squ13', 'villagers'),
	('Teddy', 'bea00', 'villagers'),
	('Tex', 'pgn12', 'villagers'),
	('Tia', 'elp10', 'villagers'),
	('Tiansheng', 'mnk09', 'villagers'),
	('Tiffany', 'rbt07', 'villagers'),
	('Timbra', 'shp10', 'villagers'),
	('Tipper', 'cow01', 'villagers'),
	('Toby', 'rbt20', 'villagers'),
	('Tom', 'cat15', 'villagers'),
	('Truffles', 'pig01', 'villagers'),
	('Tucker', 'elp09', 'villagers'),
	('Tutu', 'bea07', 'villagers'),
	('Twiggy', 'brd03', 'villagers'),
	('Tybalt', 'tig02', 'villagers'),
	('Ursala', 'bea08', 'villagers'),
	('Velma', 'goa06', 'villagers'),
	('Vesta', 'shp00', 'villagers'),
	('Vic', 'bul08', 'villagers'),
	('Victoria', 'hrs01', 'villagers'),
	('Violet', 'gor07', 'villagers'),
	('Vivian', 'wol08', 'villagers'),
	('Vladimir', 'cbr06', 'villagers'),
	('Wade', 'pgn09', 'villagers'),
	('Walker', 'dog06', 'villagers'),
	('Walt', 'kgr08', 'villagers'),
	('Wart Jr.', 'flg05', 'villagers'),
	('Weber', 'duk11', 'villagers'),
	('Wendy', 'shp09', 'villagers'),
	('Whitney', 'wol03', 'villagers'),
	('Willow', 'shp07', 'villagers'),
	('Winnie', 'hrs05', 'villagers'),
	('Wolfgang', 'wol02', 'villagers'),
	('Yuka', 'kal00', 'villagers'),
	('Zell', 'der02', 'villagers'),
	('Zoe', 'ant05', 'villagers'),
	('Zucker', 'ocp02', 'villagers');

INSERT INTO items (name, file_name, type) VALUES
	('anchovy', 'anchovy', 'fish'),
	('angelfish', 'angelfish', 'fish'),
	('arapaima', 'arapaima', 'fish'),
	('arowana', 'arowana', 'fish'),
	('barred knifejaw', 'barred_knifejaw', 'fish'),
	('barreleye', 'barreleye', 'fish'),
	('betta', 'betta', 'fish'),
	('black bass', 'black_bass', 'fish'),
	('blowfish', 'blowfish', 'fish'),
	('blue marlin', 'blue_marlin', 'fish'),
	('bluegill', 'bluegill', 'fish'),
	('butterfly fish', 'butterfly_fish', 'fish'),
	('carp', 'carp', 'fish'),
	('catfish', 'catfish', 'fish'),
	('char', 'char', 'fish'),
	('cherry salmon', 'cherry_salmon', 'fish'),
	('clown fish', 'clown_fish', 'fish'),
	('coelacanth', 'coelacanth', 'fish'),
	('crawfish', 'crawfish', 'fish'),
	('crucian carp', 'crucian_carp', 'fish'),
	('dab', 'dab', 'fish'),
	('dace', 'dace', 'fish'),
	('dorado', 'dorado', 'fish'),
	('football fish', 'football_fish', 'fish'),
	('freshwater goby', 'freshwater_goby', 'fish'),
	('frog', 'frog', 'fish'),
	('gar', 'gar', 'fish'),
	('giant snakehead', 'giant_snakehead', 'fish'),
	('giant trevally', 'giant_trevally', 'fish'),
	('golden trout', 'golden_trout', 'fish'),
	('goldfish', 'goldfish', 'fish'),
	('great white shark', 'great_white_shark', 'fish'),
	('guppy', 'guppy', 'fish'),
	('hammerhead shark', 'hammerhead_shark', 'fish'),
	('horse mackerel', 'horse_mackerel', 'fish'),
	('killifish', 'killifish', 'fish'),
	('king salmon', 'king_salmon', 'fish'),
	('koi', 'koi', 'fish'),
	('loach', 'loach', 'fish'),
	('mahi-mahi', 'mahi-mahi', 'fish'),
	('mitten crab', 'mitten_crab', 'fish'),
	('moray eel', 'moray_eel', 'fish'),
	('Napoleonfish', 'Napoleonfish', 'fish'),
	('neon tetra', 'neon_tetra', 'fish'),
	('nibble fish', 'nibble_fish', 'fish'),
	('oarfish', 'oarfish', 'fish'),
	('ocean sunfish', 'ocean_sunfish', 'fish'),
	('olive flounder', 'olive_flounder', 'fish'),
	('pale chub', 'pale_chub', 'fish'),
	('pike', 'pike', 'fish'),
	('piranha', 'piranha', 'fish'),
	('pond smelt', 'pond_smelt', 'fish'),
	('pop-eyed goldfish', 'pop-eyed_goldfish', 'fish'),
	('puffer fish', 'puffer_fish', 'fish'),
	('rainbowfish', 'rainbowfish', 'fish'),
	('ranchu goldfish', 'ranchu_goldfish', 'fish'),
	('ray', 'ray', 'fish'),
	('red snapper', 'red_snapper', 'fish'),
	('ribbon eel', 'ribbon_eel', 'fish'),
	('saddled bichir', 'saddled_bichir', 'fish'),
	('salmon', 'salmon', 'fish'),
	('saw shark', 'saw_shark', 'fish'),
	('sea bass', 'sea_bass', 'fish'),
	('sea butterfly', 'sea_butterfly', 'fish'),
	('sea horse', 'sea_horse', 'fish'),
	('snapping turtle', 'snapping_turtle', 'fish'),
	('soft-shelled turtle', 'soft-shelled_turtle', 'fish'),
	('squid', 'squid', 'fish'),
	('stringfish', 'stringfish', 'fish'),
	('sturgeon', 'sturgeon', 'fish'),
	('suckerfish', 'suckerfish', 'fish'),
	('surgeonfish', 'surgeonfish', 'fish'),
	('sweetfish', 'sweetfish', 'fish'),
	('tadpole', 'tadpole', 'fish'),
	('tilapia', 'tilapia', 'fish'),
	('tuna', 'tuna', 'fish'),
	('whale shark', 'whale_shark', 'fish'),
	('yellow perch', 'yellow_perch', 'fish'),
	('zebra turkeyfish', 'zebra_turkeyfish', 'fish');

INSERT INTO items (name, file_name, type) VALUES
	('acanthostega', 'acanthostega', 'fossils'),
	('amber', 'amber', 'fossils'),
	('ammonite', 'ammonite', 'fossils'),
	('ankylo skull', 'ankylo_skull', 'fossils'),
	('ankylo tail', 'ankylo_tail', 'fossils'),
	('ankylo torso', 'ankylo_torso', 'fossils'),
	('anomalocaris', 'anomalocaris', 'fossils'),
	('archaeopteryx', 'archaeopteryx', 'fossils'),
	('archelon skull', 'archelon_skull', 'fossils'),
	('archelon tail', 'archelon_tail', 'fossils'),
	('australopith', 'australopith', 'fossils'),
	('brachio chest', 'brachio_chest', 'fossils'),
	('brachio pelvis', 'brachio_pelvis', 'fossils'),
	('brachio skull', 'brachio_skull', 'fossils'),
	('brachio tail', 'brachio_tail', 'fossils'),
	('coprolite', 'coprolite', 'fossils'),
	('deinony tail', 'deinony_tail', 'fossils'),
	('deinony torso', 'deinony_torso', 'fossils'),
	('dimetrodon skull', 'dimetrodon_skull', 'fossils'),
	('dimetrodon torso', 'dimetrodon_torso', 'fossils'),
	('dinosaur track', 'dinosaur_track', 'fossils'),
	('diplo chest', 'diplo_chest', 'fossils'),
	('diplo neck', 'diplo_neck', 'fossils'),
	('diplo pelvis', 'diplo_pelvis', 'fossils'),
	('diplo skull', 'diplo_skull', 'fossils'),
	('diplo tail', 'diplo_tail', 'fossils'),
	('diplo tail tip', 'diplo_tail_tip', 'fossils'),
	('dunkleosteus', 'dunkleosteus', 'fossils'),
	('eusthenopteron', 'eusthenopteron', 'fossils'),
	('iguanodon skull', 'iguanodon_skull', 'fossils'),
	('iguanodon tail', 'iguanodon_tail', 'fossils'),
	('iguanodon torso', 'iguanodon_torso', 'fossils'),
	('juramaia', 'juramaia', 'fossils'),
	('left megalo side', 'left_megalo_side', 'fossils'),
	('left ptera wing', 'left_ptera_wing', 'fossils'),
	('left quetzal wing', 'left_quetzal_wing', 'fossils'),
	('mammoth skull', 'mammoth_skull', 'fossils'),
	('mammoth torso', 'mammoth_torso', 'fossils'),
	('megacero skull', 'megacero_skull', 'fossils'),
	('megacero tail', 'megacero_tail', 'fossils'),
	('megacero torso', 'megacero_torso', 'fossils'),
	('myllokunmingia', 'myllokunmingia', 'fossils'),
	('ophthalmo skull', 'ophthalmo_skull', 'fossils'),
	('ophthalmo torso', 'ophthalmo_torso', 'fossils'),
	('pachy skull', 'pachy_skull', 'fossils'),
	('pachy tail', 'pachy_tail', 'fossils'),
	('parasaur skull', 'parasaur_skull', 'fossils'),
	('parasaur tail', 'parasaur_tail', 'fossils'),
	('parasaur torso', 'parasaur_torso', 'fossils'),
	('plesio skull', 'plesio_skull', 'fossils'),
	('plesio tail', 'plesio_tail', 'fossils'),
	('plesio torso', 'plesio_torso', 'fossils'),
	('ptera body', 'ptera_body', 'fossils'),
	('quetzal torso', 'quetzal_torso', 'fossils'),
	('right megalo side', 'right_megalo_side', 'fossils'),
	('right ptera wing', 'right_ptera_wing', 'fossils'),
	('right quetzal wing', 'right_quetzal_wing', 'fossils'),
	('sabertooth skull', 'sabertooth_skull', 'fossils'),
	('sabertooth tail', 'sabertooth_tail', 'fossils'),
	('shark-tooth pattern', 'shark-tooth_pattern', 'fossils'),
	('spino skull', 'spino_skull', 'fossils'),
	('spino tail', 'spino_tail', 'fossils'),
	('spino torso', 'spino_torso', 'fossils'),
	('stego skull', 'stego_skull', 'fossils'),
	('stego tail', 'stego_tail', 'fossils'),
	('stego torso', 'stego_torso', 'fossils'),
	('T. rex skull', 'T._rex_skull', 'fossils'),
	('T. rex tail', 'T._rex_tail', 'fossils'),
	('T. rex torso', 'T._rex_torso', 'fossils'),
	('tricera skull', 'tricera_skull', 'fossils'),
	('tricera tail', 'tricera_tail', 'fossils'),
	('tricera torso', 'tricera_torso', 'fossils'),
	('trilobite', 'trilobite', 'fossils');

INSERT INTO items (name, file_name, type) VALUES
	('agrias butterfly', 'agrias_butterfly', 'bugs'),
	('ant', 'ant', 'bugs'),
	('Atlas moth', 'Atlas_moth', 'bugs'),
	('bagworm', 'bagworm', 'bugs'),
	('banded dragonfly', 'banded_dragonfly', 'bugs'),
	('bell cricket', 'bell_cricket', 'bugs'),
	('blue weevil beetle', 'blue_weevil_beetle', 'bugs'),
	('brown cicada', 'brown_cicada', 'bugs'),
	('centipede', 'centipede', 'bugs'),
	('cicada shell', 'cicada_shell', 'bugs'),
	('citrus long-horned beetle', 'citrus_long-horned_beetle', 'bugs'),
	('common bluebottle', 'common_bluebottle', 'bugs'),
	('cricket', 'cricket', 'bugs'),
	('cyclommatus stag', 'cyclommatus_stag', 'bugs'),
	('damselfly', 'damselfly', 'bugs'),
	('darner dragonfly', 'darner_dragonfly', 'bugs'),
	('diving beetle', 'diving_beetle', 'bugs'),
	('drone beetle', 'drone_beetle', 'bugs'),
	('dung beetle', 'dung_beetle', 'bugs'),
	('earth-boring dung beetle', 'earth-boring_dung_beetle', 'bugs'),
	('emperor butterfly', 'emperor_butterfly', 'bugs'),
	('evening cicada', 'evening_cicada', 'bugs'),
	('firefly', 'firefly', 'bugs'),
	('flea', 'flea', 'bugs'),
	('fly', 'fly', 'bugs'),
	('giant cicada', 'giant_cicada', 'bugs'),
	('giant stag', 'giant_stag', 'bugs'),
	('giant water bug', 'giant_water_bug', 'bugs'),
	('giraffe stag', 'giraffe_stag', 'bugs'),
	('golden stag', 'golden_stag', 'bugs'),
	('goliath beetle', 'goliath_beetle', 'bugs'),
	('grasshopper', 'grasshopper', 'bugs'),
	('great purple emperor', 'great_purple_emperor', 'bugs'),
	('hermit crab', 'hermit_crab', 'bugs'),
	('honeybee', 'honeybee', 'bugs'),
	('horned atlas', 'horned_atlas', 'bugs'),
	('horned dynastid', 'horned_dynastid', 'bugs'),
	('horned elephant', 'horned_elephant', 'bugs'),
	('horned hercules', 'horned_hercules', 'bugs'),
	('jewel beetle', 'jewel_beetle', 'bugs'),
	('ladybug', 'ladybug', 'bugs'),
	('long locust', 'long_locust', 'bugs'),
	('Madagascan sunset moth', 'Madagascan_sunset_moth', 'bugs'),
	('man-faced stink bug', 'man-faced_stink_bug', 'bugs'),
	('mantis', 'mantis', 'bugs'),
	('migratory locust', 'migratory_locust', 'bugs'),
	('miyama stag', 'miyama_stag', 'bugs'),
	('mole cricket', 'mole_cricket', 'bugs'),
	('monarch butterfly', 'monarch_butterfly', 'bugs'),
	('mosquito', 'mosquito', 'bugs'),
	('moth', 'moth', 'bugs'),
	('orchid mantis', 'orchid_mantis', 'bugs'),
	('paper kite butterfly', 'paper_kite_butterfly', 'bugs'),
	('peacock butterfly', 'peacock_butterfly', 'bugs'),
	('pill bug', 'pill_bug', 'bugs'),
	('pondskater', 'pondskater', 'bugs'),
	('Queen Alexandras birdwing', 'Queen_Alexandras_birdwing', 'bugs'),
	('rainbow stag', 'rainbow_stag', 'bugs'),
	('Rajah Brookes birdwing', 'Rajah_Brookes_birdwing', 'bugs'),
	('red dragonfly', 'red_dragonfly', 'bugs'),
	('rice grasshopper', 'rice_grasshopper', 'bugs'),
	('robust cicada', 'robust_cicada', 'bugs'),
	('rosalia batesi beetle', 'rosalia_batesi_beetle', 'bugs'),
	('saw stag', 'saw_stag', 'bugs'),
	('scarab beetle', 'scarab_beetle', 'bugs'),
	('scorpion', 'scorpion', 'bugs'),
	('snail', 'snail', 'bugs'),
	('spider', 'spider', 'bugs'),
	('stinkbug', 'stinkbug', 'bugs'),
	('tarantula', 'tarantula', 'bugs'),
	('tiger beetle', 'tiger_beetle', 'bugs'),
	('tiger butterfly', 'tiger_butterfly', 'bugs'),
	('violin beetle', 'violin_beetle', 'bugs'),
	('walker cicada', 'walker_cicada', 'bugs'),
	('walking leaf', 'walking_leaf', 'bugs'),
	('walking stick', 'walking_stick', 'bugs'),
	('wasp', 'wasp', 'bugs'),
	('wharf roach', 'wharf_roach', 'bugs'),
	('yellow butterfly', 'yellow_butterfly', 'bugs');

INSERT INTO items (name, file_name, type) VALUES
	('academic painting', 'academic_painting', 'art'),
	('amazing painting', 'amazing_painting', 'art'),
	('ancient statue', 'ancient_statue', 'art'),
	('basic painting', 'basic_painting', 'art'),
	('beautiful statue', 'beautiful_statue', 'art'),
	('calm painting', 'calm_painting', 'art'),
	('common painting', 'common_painting', 'art'),
	('detailed painting', 'detailed_painting', 'art'),
	('dynamic painting', 'dynamic_painting', 'art'),
	('familiar statue', 'familiar_statue', 'art'),
	('famous painting', 'famous_painting', 'art'),
	('flowery painting', 'flowery_painting', 'art'),
	('gallant statue', 'gallant_statue', 'art'),
	('glowing painting', 'glowing_painting', 'art'),
	('graceful painting', 'graceful_painting', 'art'),
	('great statue', 'great_statue', 'art'),
	('informative statue', 'informative_statue', 'art'),
	('jolly painting', 'jolly_painting', 'art'),
	('moody painting', 'moody_painting', 'art'),
	('motherly statue', 'motherly_statue', 'art'),
	('mysterious painting', 'mysterious_painting', 'art'),
	('mystic statue', 'mystic_statue', 'art'),
	('nice painting', 'nice_painting', 'art'),
	('perfect painting', 'perfect_painting', 'art'),
	('proper painting', 'proper_painting', 'art'),
	('quaint painting', 'quaint_painting', 'art'),
	('robust statue', 'robust_statue', 'art'),
	('rock-head statue', 'rock-head_statue', 'art'),
	('scary painting', 'scary_painting', 'art'),
	('scenic painting', 'scenic_painting', 'art'),
	('serene painting', 'serene_painting', 'art'),
	('sinking painting', 'sinking_painting', 'art'),
	('solemn painting', 'solemn_painting', 'art'),
	('tremendous statue', 'tremendous_statue', 'art'),
	('twinkling painting', 'twinkling_painting', 'art'),
	('valiant statue', 'valiant_statue', 'art'),
	('warm painting', 'warm_painting', 'art'),
	('warrior statue', 'warrior_statue', 'art'),
	('wild painting left half', 'wild_painting_left_half', 'art'),
	('wild painting right half', 'wild_painting_right_half', 'art'),
	('wistful painting', 'wistful_painting', 'art'),
	('worthy painting', 'worthy_painting', 'art');

INSERT INTO listings (id, user_id, item_id, price, time_sold)
VALUES (1,
        1,
        1,
        100000, null),
        (2,
        1,
        2,
        500, CURRENT_TIMESTAMP),
        (3,
        2,
        3,
        250, null);

INSERT INTO user_listings (id, user_id, listing_id, listing_type)
VALUES (1, 1, 1, 'curr'),
        (2, 1, 2, 'sold'),
        (3, 2, 2, 'bought'),
        (4, 2, 3, 'curr'),
        (5, 1, 3, 'cart');